prenom,mois,annee,revenus_bruts,cotisation
Catherine,janvier,1979,1600,True
Catherine,février,1979,1600,True
Catherine,mars,1979,1600,True
Catherine,avril,1979,1600,True
Catherine,mai,1979,1600,True
Catherine,juin,1979,1600,True
Catherine,juillet,1979,1600,True
Catherine,août,1979,1600,True
Catherine,septembre,1979,1600,True
Catherine,octobre,1979,1600,True
Catherine,novembre,1979,1600,True
Catherine,décembre,1979,1600,True
Catherine,janvier,1980,1600,True
Catherine,février,1980,1600,True
Catherine,mars,1980,1600,True
Catherine,avril,1980,1600,True
Catherine,mai,1980,1600,True
Catherine,juin,1980,1600,True
Catherine,juillet,1980,1600,True
Catherine,août,1980,1600,True
Catherine,septembre,1980,1600,True
Catherine,octobre,1980,1600,True
Catherine,novembre,1980,1600,True
Catherine,décembre,1980,1600,True
Catherine,janvier,1981,1616,True
Catherine,février,1981,1616,True
Catherine,mars,1981,1616,True
Catherine,avril,1981,1616,True
Catherine,mai,1981,1616,True
Catherine,juin,1981,1616,True
Catherine,juillet,1981,1616,True
Catherine,août,1981,1616,True
Catherine,septembre,1981,1616,True
Catherine,octobre,1981,1616,True
Catherine,novembre,1981,1616,True
Catherine,décembre,1981,1616,True
Catherine,janvier,1982,1616,True
Catherine,février,1982,1616,True
Catherine,mars,1982,1616,True
Catherine,avril,1982,1616,True
Catherine,mai,1982,1616,True
Catherine,juin,1982,1616,True
Catherine,juillet,1982,1616,True
Catherine,août,1982,1616,True
Catherine,septembre,1982,1616,True
Catherine,octobre,1982,1616,True
Catherine,novembre,1982,1616,True
Catherine,décembre,1982,1616,True
Catherine,janvier,1983,1616,True
Catherine,février,1983,1616,True
Catherine,mars,1983,1616,True
Catherine,avril,1983,1616,True
Catherine,mai,1983,1616,True
Catherine,juin,1983,1616,True
Catherine,juillet,1983,1616,True
Catherine,août,1983,1616,True
Catherine,septembre,1983,1616,True
Catherine,octobre,1983,1616,True
Catherine,novembre,1983,1616,True
Catherine,décembre,1983,1616,True
Catherine,janvier,1984,1616,True
Catherine,février,1984,1616,True
Catherine,mars,1984,1616,True
Catherine,avril,1984,1616,True
Catherine,mai,1984,1616,True
Catherine,juin,1984,1616,True
Catherine,juillet,1984,1616,True
Catherine,août,1984,1616,True
Catherine,septembre,1984,1616,True
Catherine,octobre,1984,1616,True
Catherine,novembre,1984,1616,True
Catherine,décembre,1984,1616,True
Catherine,janvier,1985,1616,True
Catherine,février,1985,1616,True
Catherine,mars,1985,1616,True
Catherine,avril,1985,1616,True
Catherine,mai,1985,1616,True
Catherine,juin,1985,1616,True
Catherine,juillet,1985,1616,True
Catherine,août,1985,1616,True
Catherine,septembre,1985,1616,True
Catherine,octobre,1985,1616,True
Catherine,novembre,1985,1616,True
Catherine,décembre,1985,1616,True
Catherine,janvier,1986,1648,True
Catherine,février,1986,1648,True
Catherine,mars,1986,1648,True
Catherine,avril,1986,1648,True
Catherine,mai,1986,1648,True
Catherine,juin,1986,1648,True
Catherine,juillet,1986,1648,True
Catherine,août,1986,1648,True
Catherine,septembre,1986,1648,True
Catherine,octobre,1986,1648,True
Catherine,novembre,1986,1648,True
Catherine,décembre,1986,1648,True
Catherine,janvier,1987,800,False
Catherine,février,1987,800,False
Catherine,mars,1987,800,False
Catherine,avril,1987,800,False
Catherine,mai,1987,800,False
Catherine,juin,1987,800,False
Catherine,juillet,1987,800,False
Catherine,août,1987,800,False
Catherine,septembre,1987,800,False
Catherine,octobre,1987,800,False
Catherine,novembre,1987,800,False
Catherine,décembre,1987,800,False
Catherine,janvier,1988,1664,True
Catherine,février,1988,1664,True
Catherine,mars,1988,1664,True
Catherine,avril,1988,1664,True
Catherine,mai,1988,1664,True
Catherine,juin,1988,1664,True
Catherine,juillet,1988,1664,True
Catherine,août,1988,1664,True
Catherine,septembre,1988,1664,True
Catherine,octobre,1988,1664,True
Catherine,novembre,1988,1664,True
Catherine,décembre,1988,1664,True
Catherine,janvier,1989,800,False
Catherine,février,1989,800,False
Catherine,mars,1989,800,False
Catherine,avril,1989,800,False
Catherine,mai,1989,800,False
Catherine,juin,1989,800,False
Catherine,juillet,1989,800,False
Catherine,août,1989,800,False
Catherine,septembre,1989,800,False
Catherine,octobre,1989,800,False
Catherine,novembre,1989,800,False
Catherine,décembre,1989,800,False
Catherine,janvier,1990,1664,True
Catherine,février,1990,1664,True
Catherine,mars,1990,1664,True
Catherine,avril,1990,1664,True
Catherine,mai,1990,1664,True
Catherine,juin,1990,1664,True
Catherine,juillet,1990,1664,True
Catherine,août,1990,1664,True
Catherine,septembre,1990,1664,True
Catherine,octobre,1990,1664,True
Catherine,novembre,1990,1664,True
Catherine,décembre,1990,1664,True
Catherine,janvier,1991,1681,True
Catherine,février,1991,1681,True
Catherine,mars,1991,1681,True
Catherine,avril,1991,1681,True
Catherine,mai,1991,1681,True
Catherine,juin,1991,1681,True
Catherine,juillet,1991,1681,True
Catherine,août,1991,1681,True
Catherine,septembre,1991,1681,True
Catherine,octobre,1991,1681,True
Catherine,novembre,1991,1681,True
Catherine,décembre,1991,1681,True
Catherine,janvier,1992,1715,True
Catherine,février,1992,1715,True
Catherine,mars,1992,1715,True
Catherine,avril,1992,1715,True
Catherine,mai,1992,1715,True
Catherine,juin,1992,1715,True
Catherine,juillet,1992,1715,True
Catherine,août,1992,1715,True
Catherine,septembre,1992,1715,True
Catherine,octobre,1992,1715,True
Catherine,novembre,1992,1715,True
Catherine,décembre,1992,1715,True
Catherine,janvier,1993,1715,True
Catherine,février,1993,1715,True
Catherine,mars,1993,1715,True
Catherine,avril,1993,1715,True
Catherine,mai,1993,1715,True
Catherine,juin,1993,1715,True
Catherine,juillet,1993,1715,True
Catherine,août,1993,1715,True
Catherine,septembre,1993,1715,True
Catherine,octobre,1993,1715,True
Catherine,novembre,1993,1715,True
Catherine,décembre,1993,1715,True
Catherine,janvier,1994,1749,True
Catherine,février,1994,1749,True
Catherine,mars,1994,1749,True
Catherine,avril,1994,1749,True
Catherine,mai,1994,1749,True
Catherine,juin,1994,1749,True
Catherine,juillet,1994,1749,True
Catherine,août,1994,1749,True
Catherine,septembre,1994,1749,True
Catherine,octobre,1994,1749,True
Catherine,novembre,1994,1749,True
Catherine,décembre,1994,1749,True
Catherine,janvier,1995,1766,True
Catherine,février,1995,1766,True
Catherine,mars,1995,1766,True
Catherine,avril,1995,1766,True
Catherine,mai,1995,1766,True
Catherine,juin,1995,1766,True
Catherine,juillet,1995,1766,True
Catherine,août,1995,1766,True
Catherine,septembre,1995,1766,True
Catherine,octobre,1995,1766,True
Catherine,novembre,1995,1766,True
Catherine,décembre,1995,1766,True
Catherine,janvier,1996,1784,True
Catherine,février,1996,1784,True
Catherine,mars,1996,1784,True
Catherine,avril,1996,1784,True
Catherine,mai,1996,1784,True
Catherine,juin,1996,1784,True
Catherine,juillet,1996,1784,True
Catherine,août,1996,1784,True
Catherine,septembre,1996,1784,True
Catherine,octobre,1996,1784,True
Catherine,novembre,1996,1784,True
Catherine,décembre,1996,1784,True
Catherine,janvier,1997,1802,True
Catherine,février,1997,1802,True
Catherine,mars,1997,1802,True
Catherine,avril,1997,1802,True
Catherine,mai,1997,1802,True
Catherine,juin,1997,1802,True
Catherine,juillet,1997,1802,True
Catherine,août,1997,1802,True
Catherine,septembre,1997,1802,True
Catherine,octobre,1997,1802,True
Catherine,novembre,1997,1802,True
Catherine,décembre,1997,1802,True
Catherine,janvier,1998,1802,True
Catherine,février,1998,1802,True
Catherine,mars,1998,1802,True
Catherine,avril,1998,1802,True
Catherine,mai,1998,1802,True
Catherine,juin,1998,1802,True
Catherine,juillet,1998,1802,True
Catherine,août,1998,1802,True
Catherine,septembre,1998,1802,True
Catherine,octobre,1998,1802,True
Catherine,novembre,1998,1802,True
Catherine,décembre,1998,1802,True
Catherine,janvier,1999,1802,True
Catherine,février,1999,1802,True
Catherine,mars,1999,1802,True
Catherine,avril,1999,1802,True
Catherine,mai,1999,1802,True
Catherine,juin,1999,1802,True
Catherine,juillet,1999,1802,True
Catherine,août,1999,1802,True
Catherine,septembre,1999,1802,True
Catherine,octobre,1999,1802,True
Catherine,novembre,1999,1802,True
Catherine,décembre,1999,1802,True
Catherine,janvier,2000,1802,True
Catherine,février,2000,1802,True
Catherine,mars,2000,1802,True
Catherine,avril,2000,1802,True
Catherine,mai,2000,1802,True
Catherine,juin,2000,1802,True
Catherine,juillet,2000,1802,True
Catherine,août,2000,1802,True
Catherine,septembre,2000,1802,True
Catherine,octobre,2000,1802,True
Catherine,novembre,2000,1802,True
Catherine,décembre,2000,1802,True
Catherine,janvier,2001,1802,True
Catherine,février,2001,1802,True
Catherine,mars,2001,1802,True
Catherine,avril,2001,1802,True
Catherine,mai,2001,1802,True
Catherine,juin,2001,1802,True
Catherine,juillet,2001,1802,True
Catherine,août,2001,1802,True
Catherine,septembre,2001,1802,True
Catherine,octobre,2001,1802,True
Catherine,novembre,2001,1802,True
Catherine,décembre,2001,1802,True
Catherine,janvier,2002,1802,True
Catherine,février,2002,1802,True
Catherine,mars,2002,1802,True
Catherine,avril,2002,1802,True
Catherine,mai,2002,1802,True
Catherine,juin,2002,1802,True
Catherine,juillet,2002,1802,True
Catherine,août,2002,1802,True
Catherine,septembre,2002,1802,True
Catherine,octobre,2002,1802,True
Catherine,novembre,2002,1802,True
Catherine,décembre,2002,1802,True
Catherine,janvier,2003,1820,True
Catherine,février,2003,1820,True
Catherine,mars,2003,1820,True
Catherine,avril,2003,1820,True
Catherine,mai,2003,1820,True
Catherine,juin,2003,1820,True
Catherine,juillet,2003,1820,True
Catherine,août,2003,1820,True
Catherine,septembre,2003,1820,True
Catherine,octobre,2003,1820,True
Catherine,novembre,2003,1820,True
Catherine,décembre,2003,1820,True
Catherine,janvier,2004,1820,True
Catherine,février,2004,1820,True
Catherine,mars,2004,1820,True
Catherine,avril,2004,1820,True
Catherine,mai,2004,1820,True
Catherine,juin,2004,1820,True
Catherine,juillet,2004,1820,True
Catherine,août,2004,1820,True
Catherine,septembre,2004,1820,True
Catherine,octobre,2004,1820,True
Catherine,novembre,2004,1820,True
Catherine,décembre,2004,1820,True
Catherine,janvier,2005,1820,True
Catherine,février,2005,1820,True
Catherine,mars,2005,1820,True
Catherine,avril,2005,1820,True
Catherine,mai,2005,1820,True
Catherine,juin,2005,1820,True
Catherine,juillet,2005,1820,True
Catherine,août,2005,1820,True
Catherine,septembre,2005,1820,True
Catherine,octobre,2005,1820,True
Catherine,novembre,2005,1820,True
Catherine,décembre,2005,1820,True
Catherine,janvier,2006,1820,True
Catherine,février,2006,1820,True
Catherine,mars,2006,1820,True
Catherine,avril,2006,1820,True
Catherine,mai,2006,1820,True
Catherine,juin,2006,1820,True
Catherine,juillet,2006,1820,True
Catherine,août,2006,1820,True
Catherine,septembre,2006,1820,True
Catherine,octobre,2006,1820,True
Catherine,novembre,2006,1820,True
Catherine,décembre,2006,1820,True
Catherine,janvier,2007,1820,True
Catherine,février,2007,1820,True
Catherine,mars,2007,1820,True
Catherine,avril,2007,1820,True
Catherine,mai,2007,1820,True
Catherine,juin,2007,1820,True
Catherine,juillet,2007,1820,True
Catherine,août,2007,1820,True
Catherine,septembre,2007,1820,True
Catherine,octobre,2007,1820,True
Catherine,novembre,2007,1820,True
Catherine,décembre,2007,1820,True
Catherine,janvier,2008,1820,True
Catherine,février,2008,1820,True
Catherine,mars,2008,1820,True
Catherine,avril,2008,1820,True
Catherine,mai,2008,1820,True
Catherine,juin,2008,1820,True
Catherine,juillet,2008,1820,True
Catherine,août,2008,1820,True
Catherine,septembre,2008,1820,True
Catherine,octobre,2008,1820,True
Catherine,novembre,2008,1820,True
Catherine,décembre,2008,1820,True
Catherine,janvier,2009,1856,True
Catherine,février,2009,1856,True
Catherine,mars,2009,1856,True
Catherine,avril,2009,1856,True
Catherine,mai,2009,1856,True
Catherine,juin,2009,1856,True
Catherine,juillet,2009,1856,True
Catherine,août,2009,1856,True
Catherine,septembre,2009,1856,True
Catherine,octobre,2009,1856,True
Catherine,novembre,2009,1856,True
Catherine,décembre,2009,1856,True
Catherine,janvier,2010,1102,False
Catherine,février,2010,1102,False
Catherine,mars,2010,1102,False
Catherine,avril,2010,1102,False
Catherine,mai,2010,1102,False
Catherine,juin,2010,1102,False
Catherine,juillet,2010,1102,False
Catherine,août,2010,1102,False
Catherine,septembre,2010,1102,False
Catherine,octobre,2010,1102,False
Catherine,novembre,2010,1102,False
Catherine,décembre,2010,1102,False
Catherine,janvier,2011,1102,False
Catherine,février,2011,1102,False
Catherine,mars,2011,1102,False
Catherine,avril,2011,1102,False
Catherine,mai,2011,1102,False
Catherine,juin,2011,1102,False
Catherine,juillet,2011,1102,False
Catherine,août,2011,1102,False
Catherine,septembre,2011,1102,False
Catherine,octobre,2011,1102,False
Catherine,novembre,2011,1102,False
Catherine,décembre,2011,1102,False
Catherine,janvier,2012,1102,False
Catherine,février,2012,1102,False
Catherine,mars,2012,1102,False
Catherine,avril,2012,1102,False
Catherine,mai,2012,1102,False
Catherine,juin,2012,1102,False
Catherine,juillet,2012,1102,False
Catherine,août,2012,1102,False
Catherine,septembre,2012,1102,False
Catherine,octobre,2012,1102,False
Catherine,novembre,2012,1102,False
Catherine,décembre,2012,1102,False
Catherine,janvier,2013,1102,False
Catherine,février,2013,1102,False
Catherine,mars,2013,1102,False
Catherine,avril,2013,1102,False
Catherine,mai,2013,1102,False
Catherine,juin,2013,1102,False
Catherine,juillet,2013,1102,False
Catherine,août,2013,1102,False
Catherine,septembre,2013,1102,False
Catherine,octobre,2013,1102,False
Catherine,novembre,2013,1102,False
Catherine,décembre,2013,1102,False
Catherine,janvier,2014,1102,False
Catherine,février,2014,1102,False
Catherine,mars,2014,1102,False
Catherine,avril,2014,1102,False
Catherine,mai,2014,1102,False
Catherine,juin,2014,1102,False
Catherine,juillet,2014,1102,False
Catherine,août,2014,1102,False
Catherine,septembre,2014,1102,False
Catherine,octobre,2014,1102,False
Catherine,novembre,2014,1102,False
Catherine,décembre,2014,1102,False
Catherine,janvier,2015,1102,False
Catherine,février,2015,1102,False
Catherine,mars,2015,1102,False
Catherine,avril,2015,1102,False
Catherine,mai,2015,1102,False
Catherine,juin,2015,1102,False
Catherine,juillet,2015,1102,False
Catherine,août,2015,1102,False
Catherine,septembre,2015,1102,False
Catherine,octobre,2015,1102,False
Catherine,novembre,2015,1102,False
Catherine,décembre,2015,1102,False
Catherine,janvier,2016,1102,False
Catherine,février,2016,1102,False
Catherine,mars,2016,1102,False
Catherine,avril,2016,1102,False
Catherine,mai,2016,1102,False
Catherine,juin,2016,1102,False
Catherine,juillet,2016,1102,False
Catherine,août,2016,1102,False
Catherine,septembre,2016,1102,False
Catherine,octobre,2016,1102,False
Catherine,novembre,2016,1102,False
Catherine,décembre,2016,1102,False
Catherine,janvier,2017,1102,False
Catherine,février,2017,1102,False
Catherine,mars,2017,1102,False
Catherine,avril,2017,1102,False
Catherine,mai,2017,1102,False
Catherine,juin,2017,1102,False
Catherine,juillet,2017,1102,False
Catherine,août,2017,1102,False
Catherine,septembre,2017,1102,False
Catherine,octobre,2017,1102,False
Catherine,novembre,2017,1102,False
Catherine,décembre,2017,1102,False
Catherine,janvier,2018,1102,False
Catherine,février,2018,1102,False
Catherine,mars,2018,1102,False
Catherine,avril,2018,1102,False
Catherine,mai,2018,1102,False
Catherine,juin,2018,1102,False
Catherine,juillet,2018,1102,False
Catherine,août,2018,1102,False
Catherine,septembre,2018,1102,False
Catherine,octobre,2018,1102,False
Catherine,novembre,2018,1102,False
Catherine,décembre,2018,1102,False
Catherine,janvier,2019,1102,False
Catherine,février,2019,1102,False
Catherine,mars,2019,1102,False
Catherine,avril,2019,1102,False
Catherine,mai,2019,1102,False
Catherine,juin,2019,1102,False
Catherine,juillet,2019,1102,False
Catherine,août,2019,1102,False
Catherine,septembre,2019,1102,False
Catherine,octobre,2019,1102,False
Catherine,novembre,2019,1102,False
Catherine,décembre,2019,1102,False
Daniel,janvier,1979,560,False
Daniel,février,1979,560,False
Daniel,mars,1979,560,False
Daniel,avril,1979,560,False
Daniel,mai,1979,560,False
Daniel,juin,1979,560,False
Daniel,juillet,1979,560,False
Daniel,août,1979,560,False
Daniel,septembre,1979,560,False
Daniel,octobre,1979,560,False
Daniel,novembre,1979,560,False
Daniel,décembre,1979,560,False
Daniel,janvier,1980,560,False
Daniel,février,1980,560,False
Daniel,mars,1980,560,False
Daniel,avril,1980,560,False
Daniel,mai,1980,560,False
Daniel,juin,1980,560,False
Daniel,juillet,1980,560,False
Daniel,août,1980,560,False
Daniel,septembre,1980,560,False
Daniel,octobre,1980,560,False
Daniel,novembre,1980,560,False
Daniel,décembre,1980,560,False
Daniel,janvier,1981,560,False
Daniel,février,1981,560,False
Daniel,mars,1981,560,False
Daniel,avril,1981,560,False
Daniel,mai,1981,560,False
Daniel,juin,1981,560,False
Daniel,juillet,1981,560,False
Daniel,août,1981,560,False
Daniel,septembre,1981,560,False
Daniel,octobre,1981,560,False
Daniel,novembre,1981,560,False
Daniel,décembre,1981,560,False
Daniel,janvier,1982,560,False
Daniel,février,1982,560,False
Daniel,mars,1982,560,False
Daniel,avril,1982,560,False
Daniel,mai,1982,560,False
Daniel,juin,1982,560,False
Daniel,juillet,1982,560,False
Daniel,août,1982,560,False
Daniel,septembre,1982,560,False
Daniel,octobre,1982,560,False
Daniel,novembre,1982,560,False
Daniel,décembre,1982,560,False
Daniel,janvier,1983,1818,True
Daniel,février,1983,1818,True
Daniel,mars,1983,1818,True
Daniel,avril,1983,1818,True
Daniel,mai,1983,1818,True
Daniel,juin,1983,1818,True
Daniel,juillet,1983,1818,True
Daniel,août,1983,1818,True
Daniel,septembre,1983,1818,True
Daniel,octobre,1983,1818,True
Daniel,novembre,1983,1818,True
Daniel,décembre,1983,1818,True
Daniel,janvier,1984,1836,True
Daniel,février,1984,1836,True
Daniel,mars,1984,1836,True
Daniel,avril,1984,1836,True
Daniel,mai,1984,1836,True
Daniel,juin,1984,1836,True
Daniel,juillet,1984,1836,True
Daniel,août,1984,1836,True
Daniel,septembre,1984,1836,True
Daniel,octobre,1984,1836,True
Daniel,novembre,1984,1836,True
Daniel,décembre,1984,1836,True
Daniel,janvier,1985,1854,True
Daniel,février,1985,1854,True
Daniel,mars,1985,1854,True
Daniel,avril,1985,1854,True
Daniel,mai,1985,1854,True
Daniel,juin,1985,1854,True
Daniel,juillet,1985,1854,True
Daniel,août,1985,1854,True
Daniel,septembre,1985,1854,True
Daniel,octobre,1985,1854,True
Daniel,novembre,1985,1854,True
Daniel,décembre,1985,1854,True
Daniel,janvier,1986,1873,True
Daniel,février,1986,1873,True
Daniel,mars,1986,1873,True
Daniel,avril,1986,1873,True
Daniel,mai,1986,1873,True
Daniel,juin,1986,1873,True
Daniel,juillet,1986,1873,True
Daniel,août,1986,1873,True
Daniel,septembre,1986,1873,True
Daniel,octobre,1986,1873,True
Daniel,novembre,1986,1873,True
Daniel,décembre,1986,1873,True
Daniel,janvier,1987,1873,True
Daniel,février,1987,1873,True
Daniel,mars,1987,1873,True
Daniel,avril,1987,1873,True
Daniel,mai,1987,1873,True
Daniel,juin,1987,1873,True
Daniel,juillet,1987,1873,True
Daniel,août,1987,1873,True
Daniel,septembre,1987,1873,True
Daniel,octobre,1987,1873,True
Daniel,novembre,1987,1873,True
Daniel,décembre,1987,1873,True
Daniel,janvier,1988,1873,True
Daniel,février,1988,1873,True
Daniel,mars,1988,1873,True
Daniel,avril,1988,1873,True
Daniel,mai,1988,1873,True
Daniel,juin,1988,1873,True
Daniel,juillet,1988,1873,True
Daniel,août,1988,1873,True
Daniel,septembre,1988,1873,True
Daniel,octobre,1988,1873,True
Daniel,novembre,1988,1873,True
Daniel,décembre,1988,1873,True
Daniel,janvier,1989,1891,True
Daniel,février,1989,1891,True
Daniel,mars,1989,1891,True
Daniel,avril,1989,1891,True
Daniel,mai,1989,1891,True
Daniel,juin,1989,1891,True
Daniel,juillet,1989,1891,True
Daniel,août,1989,1891,True
Daniel,septembre,1989,1891,True
Daniel,octobre,1989,1891,True
Daniel,novembre,1989,1891,True
Daniel,décembre,1989,1891,True
Daniel,janvier,1990,1891,True
Daniel,février,1990,1891,True
Daniel,mars,1990,1891,True
Daniel,avril,1990,1891,True
Daniel,mai,1990,1891,True
Daniel,juin,1990,1891,True
Daniel,juillet,1990,1891,True
Daniel,août,1990,1891,True
Daniel,septembre,1990,1891,True
Daniel,octobre,1990,1891,True
Daniel,novembre,1990,1891,True
Daniel,décembre,1990,1891,True
Daniel,janvier,1991,1910,True
Daniel,février,1991,1910,True
Daniel,mars,1991,1910,True
Daniel,avril,1991,1910,True
Daniel,mai,1991,1910,True
Daniel,juin,1991,1910,True
Daniel,juillet,1991,1910,True
Daniel,août,1991,1910,True
Daniel,septembre,1991,1910,True
Daniel,octobre,1991,1910,True
Daniel,novembre,1991,1910,True
Daniel,décembre,1991,1910,True
Daniel,janvier,1992,1929,True
Daniel,février,1992,1929,True
Daniel,mars,1992,1929,True
Daniel,avril,1992,1929,True
Daniel,mai,1992,1929,True
Daniel,juin,1992,1929,True
Daniel,juillet,1992,1929,True
Daniel,août,1992,1929,True
Daniel,septembre,1992,1929,True
Daniel,octobre,1992,1929,True
Daniel,novembre,1992,1929,True
Daniel,décembre,1992,1929,True
Daniel,janvier,1993,1929,True
Daniel,février,1993,1929,True
Daniel,mars,1993,1929,True
Daniel,avril,1993,1929,True
Daniel,mai,1993,1929,True
Daniel,juin,1993,1929,True
Daniel,juillet,1993,1929,True
Daniel,août,1993,1929,True
Daniel,septembre,1993,1929,True
Daniel,octobre,1993,1929,True
Daniel,novembre,1993,1929,True
Daniel,décembre,1993,1929,True
Daniel,janvier,1994,1929,True
Daniel,février,1994,1929,True
Daniel,mars,1994,1929,True
Daniel,avril,1994,1929,True
Daniel,mai,1994,1929,True
Daniel,juin,1994,1929,True
Daniel,juillet,1994,1929,True
Daniel,août,1994,1929,True
Daniel,septembre,1994,1929,True
Daniel,octobre,1994,1929,True
Daniel,novembre,1994,1929,True
Daniel,décembre,1994,1929,True
Daniel,janvier,1995,1949,True
Daniel,février,1995,1949,True
Daniel,mars,1995,1949,True
Daniel,avril,1995,1949,True
Daniel,mai,1995,1949,True
Daniel,juin,1995,1949,True
Daniel,juillet,1995,1949,True
Daniel,août,1995,1949,True
Daniel,septembre,1995,1949,True
Daniel,octobre,1995,1949,True
Daniel,novembre,1995,1949,True
Daniel,décembre,1995,1949,True
Daniel,janvier,1996,1968,True
Daniel,février,1996,1968,True
Daniel,mars,1996,1968,True
Daniel,avril,1996,1968,True
Daniel,mai,1996,1968,True
Daniel,juin,1996,1968,True
Daniel,juillet,1996,1968,True
Daniel,août,1996,1968,True
Daniel,septembre,1996,1968,True
Daniel,octobre,1996,1968,True
Daniel,novembre,1996,1968,True
Daniel,décembre,1996,1968,True
Daniel,janvier,1997,1968,True
Daniel,février,1997,1968,True
Daniel,mars,1997,1968,True
Daniel,avril,1997,1968,True
Daniel,mai,1997,1968,True
Daniel,juin,1997,1968,True
Daniel,juillet,1997,1968,True
Daniel,août,1997,1968,True
Daniel,septembre,1997,1968,True
Daniel,octobre,1997,1968,True
Daniel,novembre,1997,1968,True
Daniel,décembre,1997,1968,True
Daniel,janvier,1998,1988,True
Daniel,février,1998,1988,True
Daniel,mars,1998,1988,True
Daniel,avril,1998,1988,True
Daniel,mai,1998,1988,True
Daniel,juin,1998,1988,True
Daniel,juillet,1998,1988,True
Daniel,août,1998,1988,True
Daniel,septembre,1998,1988,True
Daniel,octobre,1998,1988,True
Daniel,novembre,1998,1988,True
Daniel,décembre,1998,1988,True
Daniel,janvier,1999,1988,True
Daniel,février,1999,1988,True
Daniel,mars,1999,1988,True
Daniel,avril,1999,1988,True
Daniel,mai,1999,1988,True
Daniel,juin,1999,1988,True
Daniel,juillet,1999,1988,True
Daniel,août,1999,1988,True
Daniel,septembre,1999,1988,True
Daniel,octobre,1999,1988,True
Daniel,novembre,1999,1988,True
Daniel,décembre,1999,1988,True
Daniel,janvier,2000,1988,True
Daniel,février,2000,1988,True
Daniel,mars,2000,1988,True
Daniel,avril,2000,1988,True
Daniel,mai,2000,1988,True
Daniel,juin,2000,1988,True
Daniel,juillet,2000,1988,True
Daniel,août,2000,1988,True
Daniel,septembre,2000,1988,True
Daniel,octobre,2000,1988,True
Daniel,novembre,2000,1988,True
Daniel,décembre,2000,1988,True
Daniel,janvier,2001,1988,True
Daniel,février,2001,1988,True
Daniel,mars,2001,1988,True
Daniel,avril,2001,1988,True
Daniel,mai,2001,1988,True
Daniel,juin,2001,1988,True
Daniel,juillet,2001,1988,True
Daniel,août,2001,1988,True
Daniel,septembre,2001,1988,True
Daniel,octobre,2001,1988,True
Daniel,novembre,2001,1988,True
Daniel,décembre,2001,1988,True
Daniel,janvier,2002,2008,True
Daniel,février,2002,2008,True
Daniel,mars,2002,2008,True
Daniel,avril,2002,2008,True
Daniel,mai,2002,2008,True
Daniel,juin,2002,2008,True
Daniel,juillet,2002,2008,True
Daniel,août,2002,2008,True
Daniel,septembre,2002,2008,True
Daniel,octobre,2002,2008,True
Daniel,novembre,2002,2008,True
Daniel,décembre,2002,2008,True
Daniel,janvier,2003,2028,True
Daniel,février,2003,2028,True
Daniel,mars,2003,2028,True
Daniel,avril,2003,2028,True
Daniel,mai,2003,2028,True
Daniel,juin,2003,2028,True
Daniel,juillet,2003,2028,True
Daniel,août,2003,2028,True
Daniel,septembre,2003,2028,True
Daniel,octobre,2003,2028,True
Daniel,novembre,2003,2028,True
Daniel,décembre,2003,2028,True
Daniel,janvier,2004,2048,True
Daniel,février,2004,2048,True
Daniel,mars,2004,2048,True
Daniel,avril,2004,2048,True
Daniel,mai,2004,2048,True
Daniel,juin,2004,2048,True
Daniel,juillet,2004,2048,True
Daniel,août,2004,2048,True
Daniel,septembre,2004,2048,True
Daniel,octobre,2004,2048,True
Daniel,novembre,2004,2048,True
Daniel,décembre,2004,2048,True
Daniel,janvier,2005,2048,True
Daniel,février,2005,2048,True
Daniel,mars,2005,2048,True
Daniel,avril,2005,2048,True
Daniel,mai,2005,2048,True
Daniel,juin,2005,2048,True
Daniel,juillet,2005,2048,True
Daniel,août,2005,2048,True
Daniel,septembre,2005,2048,True
Daniel,octobre,2005,2048,True
Daniel,novembre,2005,2048,True
Daniel,décembre,2005,2048,True
Daniel,janvier,2006,2069,True
Daniel,février,2006,2069,True
Daniel,mars,2006,2069,True
Daniel,avril,2006,2069,True
Daniel,mai,2006,2069,True
Daniel,juin,2006,2069,True
Daniel,juillet,2006,2069,True
Daniel,août,2006,2069,True
Daniel,septembre,2006,2069,True
Daniel,octobre,2006,2069,True
Daniel,novembre,2006,2069,True
Daniel,décembre,2006,2069,True
Daniel,janvier,2007,2069,True
Daniel,février,2007,2069,True
Daniel,mars,2007,2069,True
Daniel,avril,2007,2069,True
Daniel,mai,2007,2069,True
Daniel,juin,2007,2069,True
Daniel,juillet,2007,2069,True
Daniel,août,2007,2069,True
Daniel,septembre,2007,2069,True
Daniel,octobre,2007,2069,True
Daniel,novembre,2007,2069,True
Daniel,décembre,2007,2069,True
Daniel,janvier,2008,2089,True
Daniel,février,2008,2089,True
Daniel,mars,2008,2089,True
Daniel,avril,2008,2089,True
Daniel,mai,2008,2089,True
Daniel,juin,2008,2089,True
Daniel,juillet,2008,2089,True
Daniel,août,2008,2089,True
Daniel,septembre,2008,2089,True
Daniel,octobre,2008,2089,True
Daniel,novembre,2008,2089,True
Daniel,décembre,2008,2089,True
Daniel,janvier,2009,2110,True
Daniel,février,2009,2110,True
Daniel,mars,2009,2110,True
Daniel,avril,2009,2110,True
Daniel,mai,2009,2110,True
Daniel,juin,2009,2110,True
Daniel,juillet,2009,2110,True
Daniel,août,2009,2110,True
Daniel,septembre,2009,2110,True
Daniel,octobre,2009,2110,True
Daniel,novembre,2009,2110,True
Daniel,décembre,2009,2110,True
Daniel,janvier,2010,2110,True
Daniel,février,2010,2110,True
Daniel,mars,2010,2110,True
Daniel,avril,2010,2110,True
Daniel,mai,2010,2110,True
Daniel,juin,2010,2110,True
Daniel,juillet,2010,2110,True
Daniel,août,2010,2110,True
Daniel,septembre,2010,2110,True
Daniel,octobre,2010,2110,True
Daniel,novembre,2010,2110,True
Daniel,décembre,2010,2110,True
Daniel,janvier,2011,2131,True
Daniel,février,2011,2131,True
Daniel,mars,2011,2131,True
Daniel,avril,2011,2131,True
Daniel,mai,2011,2131,True
Daniel,juin,2011,2131,True
Daniel,juillet,2011,2131,True
Daniel,août,2011,2131,True
Daniel,septembre,2011,2131,True
Daniel,octobre,2011,2131,True
Daniel,novembre,2011,2131,True
Daniel,décembre,2011,2131,True
Daniel,janvier,2012,2153,True
Daniel,février,2012,2153,True
Daniel,mars,2012,2153,True
Daniel,avril,2012,2153,True
Daniel,mai,2012,2153,True
Daniel,juin,2012,2153,True
Daniel,juillet,2012,2153,True
Daniel,août,2012,2153,True
Daniel,septembre,2012,2153,True
Daniel,octobre,2012,2153,True
Daniel,novembre,2012,2153,True
Daniel,décembre,2012,2153,True
Daniel,janvier,2013,2174,True
Daniel,février,2013,2174,True
Daniel,mars,2013,2174,True
Daniel,avril,2013,2174,True
Daniel,mai,2013,2174,True
Daniel,juin,2013,2174,True
Daniel,juillet,2013,2174,True
Daniel,août,2013,2174,True
Daniel,septembre,2013,2174,True
Daniel,octobre,2013,2174,True
Daniel,novembre,2013,2174,True
Daniel,décembre,2013,2174,True
Daniel,janvier,2014,2196,True
Daniel,février,2014,2196,True
Daniel,mars,2014,2196,True
Daniel,avril,2014,2196,True
Daniel,mai,2014,2196,True
Daniel,juin,2014,2196,True
Daniel,juillet,2014,2196,True
Daniel,août,2014,2196,True
Daniel,septembre,2014,2196,True
Daniel,octobre,2014,2196,True
Daniel,novembre,2014,2196,True
Daniel,décembre,2014,2196,True
Daniel,janvier,2015,1238,False
Daniel,février,2015,1238,False
Daniel,mars,2015,1238,False
Daniel,avril,2015,1238,False
Daniel,mai,2015,1238,False
Daniel,juin,2015,1238,False
Daniel,juillet,2015,1238,False
Daniel,août,2015,1238,False
Daniel,septembre,2015,1238,False
Daniel,octobre,2015,1238,False
Daniel,novembre,2015,1238,False
Daniel,décembre,2015,1238,False
Daniel,janvier,2016,1238,False
Daniel,février,2016,1238,False
Daniel,mars,2016,1238,False
Daniel,avril,2016,1238,False
Daniel,mai,2016,1238,False
Daniel,juin,2016,1238,False
Daniel,juillet,2016,1238,False
Daniel,août,2016,1238,False
Daniel,septembre,2016,1238,False
Daniel,octobre,2016,1238,False
Daniel,novembre,2016,1238,False
Daniel,décembre,2016,1238,False
Daniel,janvier,2017,1238,False
Daniel,février,2017,1238,False
Daniel,mars,2017,1238,False
Daniel,avril,2017,1238,False
Daniel,mai,2017,1238,False
Daniel,juin,2017,1238,False
Daniel,juillet,2017,1238,False
Daniel,août,2017,1238,False
Daniel,septembre,2017,1238,False
Daniel,octobre,2017,1238,False
Daniel,novembre,2017,1238,False
Daniel,décembre,2017,1238,False
Daniel,janvier,2018,1238,False
Daniel,février,2018,1238,False
Daniel,mars,2018,1238,False
Daniel,avril,2018,1238,False
Daniel,mai,2018,1238,False
Daniel,juin,2018,1238,False
Daniel,juillet,2018,1238,False
Daniel,août,2018,1238,False
Daniel,septembre,2018,1238,False
Daniel,octobre,2018,1238,False
Daniel,novembre,2018,1238,False
Daniel,décembre,2018,1238,False
Daniel,janvier,2019,1238,False
Daniel,février,2019,1238,False
Daniel,mars,2019,1238,False
Daniel,avril,2019,1238,False
Daniel,mai,2019,1238,False
Daniel,juin,2019,1238,False
Daniel,juillet,2019,1238,False
Daniel,août,2019,1238,False
Daniel,septembre,2019,1238,False
Daniel,octobre,2019,1238,False
Daniel,novembre,2019,1238,False
Daniel,décembre,2019,1238,False
Marie,janvier,1979,2222,True
Marie,février,1979,2222,True
Marie,mars,1979,2222,True
Marie,avril,1979,2222,True
Marie,mai,1979,2222,True
Marie,juin,1979,2222,True
Marie,juillet,1979,2222,True
Marie,août,1979,2222,True
Marie,septembre,1979,2222,True
Marie,octobre,1979,2222,True
Marie,novembre,1979,2222,True
Marie,décembre,1979,2222,True
Marie,janvier,1980,2244,True
Marie,février,1980,2244,True
Marie,mars,1980,2244,True
Marie,avril,1980,2244,True
Marie,mai,1980,2244,True
Marie,juin,1980,2244,True
Marie,juillet,1980,2244,True
Marie,août,1980,2244,True
Marie,septembre,1980,2244,True
Marie,octobre,1980,2244,True
Marie,novembre,1980,2244,True
Marie,décembre,1980,2244,True
Marie,janvier,1981,2311,True
Marie,février,1981,2311,True
Marie,mars,1981,2311,True
Marie,avril,1981,2311,True
Marie,mai,1981,2311,True
Marie,juin,1981,2311,True
Marie,juillet,1981,2311,True
Marie,août,1981,2311,True
Marie,septembre,1981,2311,True
Marie,octobre,1981,2311,True
Marie,novembre,1981,2311,True
Marie,décembre,1981,2311,True
Marie,janvier,1982,2357,True
Marie,février,1982,2357,True
Marie,mars,1982,2357,True
Marie,avril,1982,2357,True
Marie,mai,1982,2357,True
Marie,juin,1982,2357,True
Marie,juillet,1982,2357,True
Marie,août,1982,2357,True
Marie,septembre,1982,2357,True
Marie,octobre,1982,2357,True
Marie,novembre,1982,2357,True
Marie,décembre,1982,2357,True
Marie,janvier,1983,2404,True
Marie,février,1983,2404,True
Marie,mars,1983,2404,True
Marie,avril,1983,2404,True
Marie,mai,1983,2404,True
Marie,juin,1983,2404,True
Marie,juillet,1983,2404,True
Marie,août,1983,2404,True
Marie,septembre,1983,2404,True
Marie,octobre,1983,2404,True
Marie,novembre,1983,2404,True
Marie,décembre,1983,2404,True
Marie,janvier,1984,2453,True
Marie,février,1984,2453,True
Marie,mars,1984,2453,True
Marie,avril,1984,2453,True
Marie,mai,1984,2453,True
Marie,juin,1984,2453,True
Marie,juillet,1984,2453,True
Marie,août,1984,2453,True
Marie,septembre,1984,2453,True
Marie,octobre,1984,2453,True
Marie,novembre,1984,2453,True
Marie,décembre,1984,2453,True
Marie,janvier,1985,2502,True
Marie,février,1985,2502,True
Marie,mars,1985,2502,True
Marie,avril,1985,2502,True
Marie,mai,1985,2502,True
Marie,juin,1985,2502,True
Marie,juillet,1985,2502,True
Marie,août,1985,2502,True
Marie,septembre,1985,2502,True
Marie,octobre,1985,2502,True
Marie,novembre,1985,2502,True
Marie,décembre,1985,2502,True
Marie,janvier,1986,1200,False
Marie,février,1986,1200,False
Marie,mars,1986,1200,False
Marie,avril,1986,1200,False
Marie,mai,1986,1200,False
Marie,juin,1986,1200,False
Marie,juillet,1986,1200,False
Marie,août,1986,1200,False
Marie,septembre,1986,1200,False
Marie,octobre,1986,1200,False
Marie,novembre,1986,1200,False
Marie,décembre,1986,1200,False
Marie,janvier,1987,2552,True
Marie,février,1987,2552,True
Marie,mars,1987,2552,True
Marie,avril,1987,2552,True
Marie,mai,1987,2552,True
Marie,juin,1987,2552,True
Marie,juillet,1987,2552,True
Marie,août,1987,2552,True
Marie,septembre,1987,2552,True
Marie,octobre,1987,2552,True
Marie,novembre,1987,2552,True
Marie,décembre,1987,2552,True
Marie,janvier,1988,2628,True
Marie,février,1988,2628,True
Marie,mars,1988,2628,True
Marie,avril,1988,2628,True
Marie,mai,1988,2628,True
Marie,juin,1988,2628,True
Marie,juillet,1988,2628,True
Marie,août,1988,2628,True
Marie,septembre,1988,2628,True
Marie,octobre,1988,2628,True
Marie,novembre,1988,2628,True
Marie,décembre,1988,2628,True
Marie,janvier,1989,2654,True
Marie,février,1989,2654,True
Marie,mars,1989,2654,True
Marie,avril,1989,2654,True
Marie,mai,1989,2654,True
Marie,juin,1989,2654,True
Marie,juillet,1989,2654,True
Marie,août,1989,2654,True
Marie,septembre,1989,2654,True
Marie,octobre,1989,2654,True
Marie,novembre,1989,2654,True
Marie,décembre,1989,2654,True
Marie,janvier,1990,2734,True
Marie,février,1990,2734,True
Marie,mars,1990,2734,True
Marie,avril,1990,2734,True
Marie,mai,1990,2734,True
Marie,juin,1990,2734,True
Marie,juillet,1990,2734,True
Marie,août,1990,2734,True
Marie,septembre,1990,2734,True
Marie,octobre,1990,2734,True
Marie,novembre,1990,2734,True
Marie,décembre,1990,2734,True
Marie,janvier,1991,2734,True
Marie,février,1991,2734,True
Marie,mars,1991,2734,True
Marie,avril,1991,2734,True
Marie,mai,1991,2734,True
Marie,juin,1991,2734,True
Marie,juillet,1991,2734,True
Marie,août,1991,2734,True
Marie,septembre,1991,2734,True
Marie,octobre,1991,2734,True
Marie,novembre,1991,2734,True
Marie,décembre,1991,2734,True
Marie,janvier,1992,2816,True
Marie,février,1992,2816,True
Marie,mars,1992,2816,True
Marie,avril,1992,2816,True
Marie,mai,1992,2816,True
Marie,juin,1992,2816,True
Marie,juillet,1992,2816,True
Marie,août,1992,2816,True
Marie,septembre,1992,2816,True
Marie,octobre,1992,2816,True
Marie,novembre,1992,2816,True
Marie,décembre,1992,2816,True
Marie,janvier,1993,2901,True
Marie,février,1993,2901,True
Marie,mars,1993,2901,True
Marie,avril,1993,2901,True
Marie,mai,1993,2901,True
Marie,juin,1993,2901,True
Marie,juillet,1993,2901,True
Marie,août,1993,2901,True
Marie,septembre,1993,2901,True
Marie,octobre,1993,2901,True
Marie,novembre,1993,2901,True
Marie,décembre,1993,2901,True
Marie,janvier,1994,2901,True
Marie,février,1994,2901,True
Marie,mars,1994,2901,True
Marie,avril,1994,2901,True
Marie,mai,1994,2901,True
Marie,juin,1994,2901,True
Marie,juillet,1994,2901,True
Marie,août,1994,2901,True
Marie,septembre,1994,2901,True
Marie,octobre,1994,2901,True
Marie,novembre,1994,2901,True
Marie,décembre,1994,2901,True
Marie,janvier,1995,2901,True
Marie,février,1995,2901,True
Marie,mars,1995,2901,True
Marie,avril,1995,2901,True
Marie,mai,1995,2901,True
Marie,juin,1995,2901,True
Marie,juillet,1995,2901,True
Marie,août,1995,2901,True
Marie,septembre,1995,2901,True
Marie,octobre,1995,2901,True
Marie,novembre,1995,2901,True
Marie,décembre,1995,2901,True
Marie,janvier,1996,2930,True
Marie,février,1996,2930,True
Marie,mars,1996,2930,True
Marie,avril,1996,2930,True
Marie,mai,1996,2930,True
Marie,juin,1996,2930,True
Marie,juillet,1996,2930,True
Marie,août,1996,2930,True
Marie,septembre,1996,2930,True
Marie,octobre,1996,2930,True
Marie,novembre,1996,2930,True
Marie,décembre,1996,2930,True
Marie,janvier,1997,2930,True
Marie,février,1997,2930,True
Marie,mars,1997,2930,True
Marie,avril,1997,2930,True
Marie,mai,1997,2930,True
Marie,juin,1997,2930,True
Marie,juillet,1997,2930,True
Marie,août,1997,2930,True
Marie,septembre,1997,2930,True
Marie,octobre,1997,2930,True
Marie,novembre,1997,2930,True
Marie,décembre,1997,2930,True
Marie,janvier,1998,3018,True
Marie,février,1998,3018,True
Marie,mars,1998,3018,True
Marie,avril,1998,3018,True
Marie,mai,1998,3018,True
Marie,juin,1998,3018,True
Marie,juillet,1998,3018,True
Marie,août,1998,3018,True
Marie,septembre,1998,3018,True
Marie,octobre,1998,3018,True
Marie,novembre,1998,3018,True
Marie,décembre,1998,3018,True
Marie,janvier,1999,3078,True
Marie,février,1999,3078,True
Marie,mars,1999,3078,True
Marie,avril,1999,3078,True
Marie,mai,1999,3078,True
Marie,juin,1999,3078,True
Marie,juillet,1999,3078,True
Marie,août,1999,3078,True
Marie,septembre,1999,3078,True
Marie,octobre,1999,3078,True
Marie,novembre,1999,3078,True
Marie,décembre,1999,3078,True
Marie,janvier,2000,3170,True
Marie,février,2000,3170,True
Marie,mars,2000,3170,True
Marie,avril,2000,3170,True
Marie,mai,2000,3170,True
Marie,juin,2000,3170,True
Marie,juillet,2000,3170,True
Marie,août,2000,3170,True
Marie,septembre,2000,3170,True
Marie,octobre,2000,3170,True
Marie,novembre,2000,3170,True
Marie,décembre,2000,3170,True
Marie,janvier,2001,3202,True
Marie,février,2001,3202,True
Marie,mars,2001,3202,True
Marie,avril,2001,3202,True
Marie,mai,2001,3202,True
Marie,juin,2001,3202,True
Marie,juillet,2001,3202,True
Marie,août,2001,3202,True
Marie,septembre,2001,3202,True
Marie,octobre,2001,3202,True
Marie,novembre,2001,3202,True
Marie,décembre,2001,3202,True
Marie,janvier,2002,3202,True
Marie,février,2002,3202,True
Marie,mars,2002,3202,True
Marie,avril,2002,3202,True
Marie,mai,2002,3202,True
Marie,juin,2002,3202,True
Marie,juillet,2002,3202,True
Marie,août,2002,3202,True
Marie,septembre,2002,3202,True
Marie,octobre,2002,3202,True
Marie,novembre,2002,3202,True
Marie,décembre,2002,3202,True
Marie,janvier,2003,3234,True
Marie,février,2003,3234,True
Marie,mars,2003,3234,True
Marie,avril,2003,3234,True
Marie,mai,2003,3234,True
Marie,juin,2003,3234,True
Marie,juillet,2003,3234,True
Marie,août,2003,3234,True
Marie,septembre,2003,3234,True
Marie,octobre,2003,3234,True
Marie,novembre,2003,3234,True
Marie,décembre,2003,3234,True
Marie,janvier,2004,3266,True
Marie,février,2004,3266,True
Marie,mars,2004,3266,True
Marie,avril,2004,3266,True
Marie,mai,2004,3266,True
Marie,juin,2004,3266,True
Marie,juillet,2004,3266,True
Marie,août,2004,3266,True
Marie,septembre,2004,3266,True
Marie,octobre,2004,3266,True
Marie,novembre,2004,3266,True
Marie,décembre,2004,3266,True
Marie,janvier,2005,3266,True
Marie,février,2005,3266,True
Marie,mars,2005,3266,True
Marie,avril,2005,3266,True
Marie,mai,2005,3266,True
Marie,juin,2005,3266,True
Marie,juillet,2005,3266,True
Marie,août,2005,3266,True
Marie,septembre,2005,3266,True
Marie,octobre,2005,3266,True
Marie,novembre,2005,3266,True
Marie,décembre,2005,3266,True
Marie,janvier,2006,3299,True
Marie,février,2006,3299,True
Marie,mars,2006,3299,True
Marie,avril,2006,3299,True
Marie,mai,2006,3299,True
Marie,juin,2006,3299,True
Marie,juillet,2006,3299,True
Marie,août,2006,3299,True
Marie,septembre,2006,3299,True
Marie,octobre,2006,3299,True
Marie,novembre,2006,3299,True
Marie,décembre,2006,3299,True
Marie,janvier,2007,3299,True
Marie,février,2007,3299,True
Marie,mars,2007,3299,True
Marie,avril,2007,3299,True
Marie,mai,2007,3299,True
Marie,juin,2007,3299,True
Marie,juillet,2007,3299,True
Marie,août,2007,3299,True
Marie,septembre,2007,3299,True
Marie,octobre,2007,3299,True
Marie,novembre,2007,3299,True
Marie,décembre,2007,3299,True
Marie,janvier,2008,3332,True
Marie,février,2008,3332,True
Marie,mars,2008,3332,True
Marie,avril,2008,3332,True
Marie,mai,2008,3332,True
Marie,juin,2008,3332,True
Marie,juillet,2008,3332,True
Marie,août,2008,3332,True
Marie,septembre,2008,3332,True
Marie,octobre,2008,3332,True
Marie,novembre,2008,3332,True
Marie,décembre,2008,3332,True
Marie,janvier,2009,3332,True
Marie,février,2009,3332,True
Marie,mars,2009,3332,True
Marie,avril,2009,3332,True
Marie,mai,2009,3332,True
Marie,juin,2009,3332,True
Marie,juillet,2009,3332,True
Marie,août,2009,3332,True
Marie,septembre,2009,3332,True
Marie,octobre,2009,3332,True
Marie,novembre,2009,3332,True
Marie,décembre,2009,3332,True
Marie,janvier,2010,3399,True
Marie,février,2010,3399,True
Marie,mars,2010,3399,True
Marie,avril,2010,3399,True
Marie,mai,2010,3399,True
Marie,juin,2010,3399,True
Marie,juillet,2010,3399,True
Marie,août,2010,3399,True
Marie,septembre,2010,3399,True
Marie,octobre,2010,3399,True
Marie,novembre,2010,3399,True
Marie,décembre,2010,3399,True
Marie,janvier,2011,3399,True
Marie,février,2011,3399,True
Marie,mars,2011,3399,True
Marie,avril,2011,3399,True
Marie,mai,2011,3399,True
Marie,juin,2011,3399,True
Marie,juillet,2011,3399,True
Marie,août,2011,3399,True
Marie,septembre,2011,3399,True
Marie,octobre,2011,3399,True
Marie,novembre,2011,3399,True
Marie,décembre,2011,3399,True
Marie,janvier,2012,3501,True
Marie,février,2012,3501,True
Marie,mars,2012,3501,True
Marie,avril,2012,3501,True
Marie,mai,2012,3501,True
Marie,juin,2012,3501,True
Marie,juillet,2012,3501,True
Marie,août,2012,3501,True
Marie,septembre,2012,3501,True
Marie,octobre,2012,3501,True
Marie,novembre,2012,3501,True
Marie,décembre,2012,3501,True
Marie,janvier,2013,3571,True
Marie,février,2013,3571,True
Marie,mars,2013,3571,True
Marie,avril,2013,3571,True
Marie,mai,2013,3571,True
Marie,juin,2013,3571,True
Marie,juillet,2013,3571,True
Marie,août,2013,3571,True
Marie,septembre,2013,3571,True
Marie,octobre,2013,3571,True
Marie,novembre,2013,3571,True
Marie,décembre,2013,3571,True
Marie,janvier,2014,3642,True
Marie,février,2014,3642,True
Marie,mars,2014,3642,True
Marie,avril,2014,3642,True
Marie,mai,2014,3642,True
Marie,juin,2014,3642,True
Marie,juillet,2014,3642,True
Marie,août,2014,3642,True
Marie,septembre,2014,3642,True
Marie,octobre,2014,3642,True
Marie,novembre,2014,3642,True
Marie,décembre,2014,3642,True
Marie,janvier,2015,3642,True
Marie,février,2015,3642,True
Marie,mars,2015,3642,True
Marie,avril,2015,3642,True
Marie,mai,2015,3642,True
Marie,juin,2015,3642,True
Marie,juillet,2015,3642,True
Marie,août,2015,3642,True
Marie,septembre,2015,3642,True
Marie,octobre,2015,3642,True
Marie,novembre,2015,3642,True
Marie,décembre,2015,3642,True
Marie,janvier,2016,3679,True
Marie,février,2016,3679,True
Marie,mars,2016,3679,True
Marie,avril,2016,3679,True
Marie,mai,2016,3679,True
Marie,juin,2016,3679,True
Marie,juillet,2016,3679,True
Marie,août,2016,3679,True
Marie,septembre,2016,3679,True
Marie,octobre,2016,3679,True
Marie,novembre,2016,3679,True
Marie,décembre,2016,3679,True
Marie,janvier,2017,3789,True
Marie,février,2017,3789,True
Marie,mars,2017,3789,True
Marie,avril,2017,3789,True
Marie,mai,2017,3789,True
Marie,juin,2017,3789,True
Marie,juillet,2017,3789,True
Marie,août,2017,3789,True
Marie,septembre,2017,3789,True
Marie,octobre,2017,3789,True
Marie,novembre,2017,3789,True
Marie,décembre,2017,3789,True
Marie,janvier,2018,3789,True
Marie,février,2018,3789,True
Marie,mars,2018,3789,True
Marie,avril,2018,3789,True
Marie,mai,2018,3789,True
Marie,juin,2018,3789,True
Marie,juillet,2018,3789,True
Marie,août,2018,3789,True
Marie,septembre,2018,3789,True
Marie,octobre,2018,3789,True
Marie,novembre,2018,3789,True
Marie,décembre,2018,3789,True
Marie,janvier,2019,3827,True
Marie,février,2019,3827,True
Marie,mars,2019,3827,True
Marie,avril,2019,3827,True
Marie,mai,2019,3827,True
Marie,juin,2019,3827,True
Marie,juillet,2019,3827,True
Marie,août,2019,3827,True
Marie,septembre,2019,3827,True
Marie,octobre,2019,3827,True
Marie,novembre,2019,3827,True
Marie,décembre,2019,3827,True
Patrick,janvier,1979,1700,True
Patrick,février,1979,1700,True
Patrick,mars,1979,1700,True
Patrick,avril,1979,1700,True
Patrick,mai,1979,1700,True
Patrick,juin,1979,1700,True
Patrick,juillet,1979,1700,True
Patrick,août,1979,1700,True
Patrick,septembre,1979,1700,True
Patrick,octobre,1979,1700,True
Patrick,novembre,1979,1700,True
Patrick,décembre,1979,1700,True
Patrick,janvier,1980,1734,True
Patrick,février,1980,1734,True
Patrick,mars,1980,1734,True
Patrick,avril,1980,1734,True
Patrick,mai,1980,1734,True
Patrick,juin,1980,1734,True
Patrick,juillet,1980,1734,True
Patrick,août,1980,1734,True
Patrick,septembre,1980,1734,True
Patrick,octobre,1980,1734,True
Patrick,novembre,1980,1734,True
Patrick,décembre,1980,1734,True
Patrick,janvier,1981,1768,True
Patrick,février,1981,1768,True
Patrick,mars,1981,1768,True
Patrick,avril,1981,1768,True
Patrick,mai,1981,1768,True
Patrick,juin,1981,1768,True
Patrick,juillet,1981,1768,True
Patrick,août,1981,1768,True
Patrick,septembre,1981,1768,True
Patrick,octobre,1981,1768,True
Patrick,novembre,1981,1768,True
Patrick,décembre,1981,1768,True
Patrick,janvier,1982,1804,True
Patrick,février,1982,1804,True
Patrick,mars,1982,1804,True
Patrick,avril,1982,1804,True
Patrick,mai,1982,1804,True
Patrick,juin,1982,1804,True
Patrick,juillet,1982,1804,True
Patrick,août,1982,1804,True
Patrick,septembre,1982,1804,True
Patrick,octobre,1982,1804,True
Patrick,novembre,1982,1804,True
Patrick,décembre,1982,1804,True
Patrick,janvier,1983,1804,True
Patrick,février,1983,1804,True
Patrick,mars,1983,1804,True
Patrick,avril,1983,1804,True
Patrick,mai,1983,1804,True
Patrick,juin,1983,1804,True
Patrick,juillet,1983,1804,True
Patrick,août,1983,1804,True
Patrick,septembre,1983,1804,True
Patrick,octobre,1983,1804,True
Patrick,novembre,1983,1804,True
Patrick,décembre,1983,1804,True
Patrick,janvier,1984,1840,True
Patrick,février,1984,1840,True
Patrick,mars,1984,1840,True
Patrick,avril,1984,1840,True
Patrick,mai,1984,1840,True
Patrick,juin,1984,1840,True
Patrick,juillet,1984,1840,True
Patrick,août,1984,1840,True
Patrick,septembre,1984,1840,True
Patrick,octobre,1984,1840,True
Patrick,novembre,1984,1840,True
Patrick,décembre,1984,1840,True
Patrick,janvier,1985,1840,True
Patrick,février,1985,1840,True
Patrick,mars,1985,1840,True
Patrick,avril,1985,1840,True
Patrick,mai,1985,1840,True
Patrick,juin,1985,1840,True
Patrick,juillet,1985,1840,True
Patrick,août,1985,1840,True
Patrick,septembre,1985,1840,True
Patrick,octobre,1985,1840,True
Patrick,novembre,1985,1840,True
Patrick,décembre,1985,1840,True
Patrick,janvier,1986,1858,True
Patrick,février,1986,1858,True
Patrick,mars,1986,1858,True
Patrick,avril,1986,1858,True
Patrick,mai,1986,1858,True
Patrick,juin,1986,1858,True
Patrick,juillet,1986,1858,True
Patrick,août,1986,1858,True
Patrick,septembre,1986,1858,True
Patrick,octobre,1986,1858,True
Patrick,novembre,1986,1858,True
Patrick,décembre,1986,1858,True
Patrick,janvier,1987,1914,True
Patrick,février,1987,1914,True
Patrick,mars,1987,1914,True
Patrick,avril,1987,1914,True
Patrick,mai,1987,1914,True
Patrick,juin,1987,1914,True
Patrick,juillet,1987,1914,True
Patrick,août,1987,1914,True
Patrick,septembre,1987,1914,True
Patrick,octobre,1987,1914,True
Patrick,novembre,1987,1914,True
Patrick,décembre,1987,1914,True
Patrick,janvier,1988,1971,True
Patrick,février,1988,1971,True
Patrick,mars,1988,1971,True
Patrick,avril,1988,1971,True
Patrick,mai,1988,1971,True
Patrick,juin,1988,1971,True
Patrick,juillet,1988,1971,True
Patrick,août,1988,1971,True
Patrick,septembre,1988,1971,True
Patrick,octobre,1988,1971,True
Patrick,novembre,1988,1971,True
Patrick,décembre,1988,1971,True
Patrick,janvier,1989,2011,True
Patrick,février,1989,2011,True
Patrick,mars,1989,2011,True
Patrick,avril,1989,2011,True
Patrick,mai,1989,2011,True
Patrick,juin,1989,2011,True
Patrick,juillet,1989,2011,True
Patrick,août,1989,2011,True
Patrick,septembre,1989,2011,True
Patrick,octobre,1989,2011,True
Patrick,novembre,1989,2011,True
Patrick,décembre,1989,2011,True
Patrick,janvier,1990,2051,True
Patrick,février,1990,2051,True
Patrick,mars,1990,2051,True
Patrick,avril,1990,2051,True
Patrick,mai,1990,2051,True
Patrick,juin,1990,2051,True
Patrick,juillet,1990,2051,True
Patrick,août,1990,2051,True
Patrick,septembre,1990,2051,True
Patrick,octobre,1990,2051,True
Patrick,novembre,1990,2051,True
Patrick,décembre,1990,2051,True
Patrick,janvier,1991,2092,True
Patrick,février,1991,2092,True
Patrick,mars,1991,2092,True
Patrick,avril,1991,2092,True
Patrick,mai,1991,2092,True
Patrick,juin,1991,2092,True
Patrick,juillet,1991,2092,True
Patrick,août,1991,2092,True
Patrick,septembre,1991,2092,True
Patrick,octobre,1991,2092,True
Patrick,novembre,1991,2092,True
Patrick,décembre,1991,2092,True
Patrick,janvier,1992,2113,True
Patrick,février,1992,2113,True
Patrick,mars,1992,2113,True
Patrick,avril,1992,2113,True
Patrick,mai,1992,2113,True
Patrick,juin,1992,2113,True
Patrick,juillet,1992,2113,True
Patrick,août,1992,2113,True
Patrick,septembre,1992,2113,True
Patrick,octobre,1992,2113,True
Patrick,novembre,1992,2113,True
Patrick,décembre,1992,2113,True
Patrick,janvier,1993,2134,True
Patrick,février,1993,2134,True
Patrick,mars,1993,2134,True
Patrick,avril,1993,2134,True
Patrick,mai,1993,2134,True
Patrick,juin,1993,2134,True
Patrick,juillet,1993,2134,True
Patrick,août,1993,2134,True
Patrick,septembre,1993,2134,True
Patrick,octobre,1993,2134,True
Patrick,novembre,1993,2134,True
Patrick,décembre,1993,2134,True
Patrick,janvier,1994,2198,True
Patrick,février,1994,2198,True
Patrick,mars,1994,2198,True
Patrick,avril,1994,2198,True
Patrick,mai,1994,2198,True
Patrick,juin,1994,2198,True
Patrick,juillet,1994,2198,True
Patrick,août,1994,2198,True
Patrick,septembre,1994,2198,True
Patrick,octobre,1994,2198,True
Patrick,novembre,1994,2198,True
Patrick,décembre,1994,2198,True
Patrick,janvier,1995,2220,True
Patrick,février,1995,2220,True
Patrick,mars,1995,2220,True
Patrick,avril,1995,2220,True
Patrick,mai,1995,2220,True
Patrick,juin,1995,2220,True
Patrick,juillet,1995,2220,True
Patrick,août,1995,2220,True
Patrick,septembre,1995,2220,True
Patrick,octobre,1995,2220,True
Patrick,novembre,1995,2220,True
Patrick,décembre,1995,2220,True
Patrick,janvier,1996,2242,True
Patrick,février,1996,2242,True
Patrick,mars,1996,2242,True
Patrick,avril,1996,2242,True
Patrick,mai,1996,2242,True
Patrick,juin,1996,2242,True
Patrick,juillet,1996,2242,True
Patrick,août,1996,2242,True
Patrick,septembre,1996,2242,True
Patrick,octobre,1996,2242,True
Patrick,novembre,1996,2242,True
Patrick,décembre,1996,2242,True
Patrick,janvier,1997,2242,True
Patrick,février,1997,2242,True
Patrick,mars,1997,2242,True
Patrick,avril,1997,2242,True
Patrick,mai,1997,2242,True
Patrick,juin,1997,2242,True
Patrick,juillet,1997,2242,True
Patrick,août,1997,2242,True
Patrick,septembre,1997,2242,True
Patrick,octobre,1997,2242,True
Patrick,novembre,1997,2242,True
Patrick,décembre,1997,2242,True
Patrick,janvier,1998,2242,True
Patrick,février,1998,2242,True
Patrick,mars,1998,2242,True
Patrick,avril,1998,2242,True
Patrick,mai,1998,2242,True
Patrick,juin,1998,2242,True
Patrick,juillet,1998,2242,True
Patrick,août,1998,2242,True
Patrick,septembre,1998,2242,True
Patrick,octobre,1998,2242,True
Patrick,novembre,1998,2242,True
Patrick,décembre,1998,2242,True
Patrick,janvier,1999,2265,True
Patrick,février,1999,2265,True
Patrick,mars,1999,2265,True
Patrick,avril,1999,2265,True
Patrick,mai,1999,2265,True
Patrick,juin,1999,2265,True
Patrick,juillet,1999,2265,True
Patrick,août,1999,2265,True
Patrick,septembre,1999,2265,True
Patrick,octobre,1999,2265,True
Patrick,novembre,1999,2265,True
Patrick,décembre,1999,2265,True
Patrick,janvier,2000,2310,True
Patrick,février,2000,2310,True
Patrick,mars,2000,2310,True
Patrick,avril,2000,2310,True
Patrick,mai,2000,2310,True
Patrick,juin,2000,2310,True
Patrick,juillet,2000,2310,True
Patrick,août,2000,2310,True
Patrick,septembre,2000,2310,True
Patrick,octobre,2000,2310,True
Patrick,novembre,2000,2310,True
Patrick,décembre,2000,2310,True
Patrick,janvier,2001,2356,True
Patrick,février,2001,2356,True
Patrick,mars,2001,2356,True
Patrick,avril,2001,2356,True
Patrick,mai,2001,2356,True
Patrick,juin,2001,2356,True
Patrick,juillet,2001,2356,True
Patrick,août,2001,2356,True
Patrick,septembre,2001,2356,True
Patrick,octobre,2001,2356,True
Patrick,novembre,2001,2356,True
Patrick,décembre,2001,2356,True
Patrick,janvier,2002,2403,True
Patrick,février,2002,2403,True
Patrick,mars,2002,2403,True
Patrick,avril,2002,2403,True
Patrick,mai,2002,2403,True
Patrick,juin,2002,2403,True
Patrick,juillet,2002,2403,True
Patrick,août,2002,2403,True
Patrick,septembre,2002,2403,True
Patrick,octobre,2002,2403,True
Patrick,novembre,2002,2403,True
Patrick,décembre,2002,2403,True
Patrick,janvier,2003,2451,True
Patrick,février,2003,2451,True
Patrick,mars,2003,2451,True
Patrick,avril,2003,2451,True
Patrick,mai,2003,2451,True
Patrick,juin,2003,2451,True
Patrick,juillet,2003,2451,True
Patrick,août,2003,2451,True
Patrick,septembre,2003,2451,True
Patrick,octobre,2003,2451,True
Patrick,novembre,2003,2451,True
Patrick,décembre,2003,2451,True
Patrick,janvier,2004,2500,True
Patrick,février,2004,2500,True
Patrick,mars,2004,2500,True
Patrick,avril,2004,2500,True
Patrick,mai,2004,2500,True
Patrick,juin,2004,2500,True
Patrick,juillet,2004,2500,True
Patrick,août,2004,2500,True
Patrick,septembre,2004,2500,True
Patrick,octobre,2004,2500,True
Patrick,novembre,2004,2500,True
Patrick,décembre,2004,2500,True
Patrick,janvier,2005,2575,True
Patrick,février,2005,2575,True
Patrick,mars,2005,2575,True
Patrick,avril,2005,2575,True
Patrick,mai,2005,2575,True
Patrick,juin,2005,2575,True
Patrick,juillet,2005,2575,True
Patrick,août,2005,2575,True
Patrick,septembre,2005,2575,True
Patrick,octobre,2005,2575,True
Patrick,novembre,2005,2575,True
Patrick,décembre,2005,2575,True
Patrick,janvier,2006,2653,True
Patrick,février,2006,2653,True
Patrick,mars,2006,2653,True
Patrick,avril,2006,2653,True
Patrick,mai,2006,2653,True
Patrick,juin,2006,2653,True
Patrick,juillet,2006,2653,True
Patrick,août,2006,2653,True
Patrick,septembre,2006,2653,True
Patrick,octobre,2006,2653,True
Patrick,novembre,2006,2653,True
Patrick,décembre,2006,2653,True
Patrick,janvier,2007,2706,True
Patrick,février,2007,2706,True
Patrick,mars,2007,2706,True
Patrick,avril,2007,2706,True
Patrick,mai,2007,2706,True
Patrick,juin,2007,2706,True
Patrick,juillet,2007,2706,True
Patrick,août,2007,2706,True
Patrick,septembre,2007,2706,True
Patrick,octobre,2007,2706,True
Patrick,novembre,2007,2706,True
Patrick,décembre,2007,2706,True
Patrick,janvier,2008,2706,True
Patrick,février,2008,2706,True
Patrick,mars,2008,2706,True
Patrick,avril,2008,2706,True
Patrick,mai,2008,2706,True
Patrick,juin,2008,2706,True
Patrick,juillet,2008,2706,True
Patrick,août,2008,2706,True
Patrick,septembre,2008,2706,True
Patrick,octobre,2008,2706,True
Patrick,novembre,2008,2706,True
Patrick,décembre,2008,2706,True
Patrick,janvier,2009,2733,True
Patrick,février,2009,2733,True
Patrick,mars,2009,2733,True
Patrick,avril,2009,2733,True
Patrick,mai,2009,2733,True
Patrick,juin,2009,2733,True
Patrick,juillet,2009,2733,True
Patrick,août,2009,2733,True
Patrick,septembre,2009,2733,True
Patrick,octobre,2009,2733,True
Patrick,novembre,2009,2733,True
Patrick,décembre,2009,2733,True
Patrick,janvier,2010,2760,True
Patrick,février,2010,2760,True
Patrick,mars,2010,2760,True
Patrick,avril,2010,2760,True
Patrick,mai,2010,2760,True
Patrick,juin,2010,2760,True
Patrick,juillet,2010,2760,True
Patrick,août,2010,2760,True
Patrick,septembre,2010,2760,True
Patrick,octobre,2010,2760,True
Patrick,novembre,2010,2760,True
Patrick,décembre,2010,2760,True
Patrick,janvier,2011,2760,True
Patrick,février,2011,2760,True
Patrick,mars,2011,2760,True
Patrick,avril,2011,2760,True
Patrick,mai,2011,2760,True
Patrick,juin,2011,2760,True
Patrick,juillet,2011,2760,True
Patrick,août,2011,2760,True
Patrick,septembre,2011,2760,True
Patrick,octobre,2011,2760,True
Patrick,novembre,2011,2760,True
Patrick,décembre,2011,2760,True
Patrick,janvier,2012,2788,True
Patrick,février,2012,2788,True
Patrick,mars,2012,2788,True
Patrick,avril,2012,2788,True
Patrick,mai,2012,2788,True
Patrick,juin,2012,2788,True
Patrick,juillet,2012,2788,True
Patrick,août,2012,2788,True
Patrick,septembre,2012,2788,True
Patrick,octobre,2012,2788,True
Patrick,novembre,2012,2788,True
Patrick,décembre,2012,2788,True
Patrick,janvier,2013,2788,True
Patrick,février,2013,2788,True
Patrick,mars,2013,2788,True
Patrick,avril,2013,2788,True
Patrick,mai,2013,2788,True
Patrick,juin,2013,2788,True
Patrick,juillet,2013,2788,True
Patrick,août,2013,2788,True
Patrick,septembre,2013,2788,True
Patrick,octobre,2013,2788,True
Patrick,novembre,2013,2788,True
Patrick,décembre,2013,2788,True
Patrick,janvier,2014,2871,True
Patrick,février,2014,2871,True
Patrick,mars,2014,2871,True
Patrick,avril,2014,2871,True
Patrick,mai,2014,2871,True
Patrick,juin,2014,2871,True
Patrick,juillet,2014,2871,True
Patrick,août,2014,2871,True
Patrick,septembre,2014,2871,True
Patrick,octobre,2014,2871,True
Patrick,novembre,2014,2871,True
Patrick,décembre,2014,2871,True
Patrick,janvier,2015,2958,True
Patrick,février,2015,2958,True
Patrick,mars,2015,2958,True
Patrick,avril,2015,2958,True
Patrick,mai,2015,2958,True
Patrick,juin,2015,2958,True
Patrick,juillet,2015,2958,True
Patrick,août,2015,2958,True
Patrick,septembre,2015,2958,True
Patrick,octobre,2015,2958,True
Patrick,novembre,2015,2958,True
Patrick,décembre,2015,2958,True
Patrick,janvier,2016,2987,True
Patrick,février,2016,2987,True
Patrick,mars,2016,2987,True
Patrick,avril,2016,2987,True
Patrick,mai,2016,2987,True
Patrick,juin,2016,2987,True
Patrick,juillet,2016,2987,True
Patrick,août,2016,2987,True
Patrick,septembre,2016,2987,True
Patrick,octobre,2016,2987,True
Patrick,novembre,2016,2987,True
Patrick,décembre,2016,2987,True
Patrick,janvier,2017,2987,True
Patrick,février,2017,2987,True
Patrick,mars,2017,2987,True
Patrick,avril,2017,2987,True
Patrick,mai,2017,2987,True
Patrick,juin,2017,2987,True
Patrick,juillet,2017,2987,True
Patrick,août,2017,2987,True
Patrick,septembre,2017,2987,True
Patrick,octobre,2017,2987,True
Patrick,novembre,2017,2987,True
Patrick,décembre,2017,2987,True
Patrick,janvier,2018,3017,True
Patrick,février,2018,3017,True
Patrick,mars,2018,3017,True
Patrick,avril,2018,3017,True
Patrick,mai,2018,3017,True
Patrick,juin,2018,3017,True
Patrick,juillet,2018,3017,True
Patrick,août,2018,3017,True
Patrick,septembre,2018,3017,True
Patrick,octobre,2018,3017,True
Patrick,novembre,2018,3017,True
Patrick,décembre,2018,3017,True
Patrick,janvier,2019,3047,True
Patrick,février,2019,3047,True
Patrick,mars,2019,3047,True
Patrick,avril,2019,3047,True
Patrick,mai,2019,3047,True
Patrick,juin,2019,3047,True
Patrick,juillet,2019,3047,True
Patrick,août,2019,3047,True
Patrick,septembre,2019,3047,True
Patrick,octobre,2019,3047,True
Patrick,novembre,2019,3047,True
Patrick,décembre,2019,3047,True
